<?xml version="1.0" encoding="UTF-8" standalone="no"?>
<Coches>
<Coche Id="1">
<marca>Bugatti </marca>
<modelo>Chiron</modelo>
<matricula> i6789w</matricula>
<puertasCoches>3</puertasCoches>
<familiar>false</familiar>
</Coche>
<Coche Id="2">
<marca>Bugatti </marca>
<modelo>Chiron</modelo>
<matricula> i6789w</matricula>
<puertasCoches>3</puertasCoches>
<familiar>false</familiar>
</Coche>
<Coche Id="3">
<marca>Bugatti </marca>
<modelo>Chiron</modelo>
<matricula> i6789w</matricula>
<puertasCoches>3</puertasCoches>
<familiar>false</familiar>
</Coche>
<Coche Id="4">
<marca>Bugatti </marca>
<modelo>Chiron</modelo>
<matricula> i6789w</matricula>
<puertasCoches>3</puertasCoches>
<familiar>false</familiar>
</Coche>
<Coche Id="5">
<marca>Bugatti </marca>
<modelo>Chiron</modelo>
<matricula> i6789w</matricula>
<puertasCoches>3</puertasCoches>
<familiar>false</familiar>
</Coche>
<Coche Id="6">
<marca>Bugatti </marca>
<modelo>Chiron</modelo>
<matricula> i6789w</matricula>
<puertasCoches>3</puertasCoches>
<familiar>false</familiar>
</Coche>
</Coches>
